{"stats":{"minecraft:picked_up":{"minecraft:stick":1},"minecraft:killed_by":{"minecraft:player":1},"minecraft:custom":{"minecraft:jump":27,"minecraft:time_since_rest":7471,"minecraft:crouch_one_cm":23,"minecraft:damage_dealt":120,"minecraft:play_one_minute":9094,"minecraft:deaths":1,"minecraft:leave_game":1,"minecraft:sprint_one_cm":4795,"minecraft:damage_taken":249,"minecraft:time_since_death":7414,"minecraft:walk_one_cm":4687,"minecraft:sneak_time":7,"minecraft:fall_one_cm":418,"minecraft:fly_one_cm":2902}},"DataVersion":2586}