{"stats":{"minecraft:mined":{"croptopia:spinach_crop":5,"croptopia:salt_ore":2,"croptopia:cauliflower_crop":1,"minecraft:stone":6,"minecraft:crafting_table":1},"minecraft:custom":{"minecraft:time_since_rest":8178,"minecraft:play_one_minute":8178,"minecraft:crouch_one_cm":252,"minecraft:sprint_one_cm":14512,"minecraft:walk_one_cm":9531,"minecraft:sneak_time":238,"minecraft:jump":69,"minecraft:leave_game":1,"minecraft:walk_on_water_one_cm":2081,"minecraft:time_since_death":8178,"minecraft:fall_one_cm":1581,"minecraft:interact_with_crafting_table":3,"minecraft:fly_one_cm":12133},"minecraft:used":{"minecraft:stone_axe":3,"alexsmobs:animal_dictionary":1,"minecraft:wooden_pickaxe":6},"minecraft:picked_up":{"minecraft:birch_log":7,"minecraft:crafting_table":1,"minecraft:stick":31,"croptopia:cauliflower_seed":2,"croptopia:spinach":5,"minecraft:oak_log":8,"dynamictrees:oak_seed":2,"croptopia:salt":10,"exoticbirds:mystery_egg":3,"croptopia:spinach_seed":6,"minecraft:cobblestone":6,"croptopia:cauliflower":1},"minecraft:crafted":{"minecraft:birch_planks":16,"minecraft:stone_axe":1,"minecraft:wooden_pickaxe":1,"minecraft:stone_pickaxe":1}},"DataVersion":2586}