{"stats":{"minecraft:custom":{"minecraft:jump":7,"minecraft:time_since_rest":2668,"minecraft:play_one_minute":2668,"minecraft:leave_game":1,"minecraft:sprint_one_cm":140,"minecraft:time_since_death":2668,"minecraft:walk_one_cm":4712,"minecraft:interact_with_crafting_table":1,"minecraft:fly_one_cm":26},"minecraft:used":{"minecraft:crafting_table":1},"minecraft:picked_up":{"minecraft:birch_log":5,"minecraft:stick":22,"minecraft:oak_log":4},"minecraft:crafted":{"minecraft:birch_planks":20,"minecraft:crafting_table":1,"spartanshields:shield_basic_wood":1}},"DataVersion":2586}