{"stats":{"minecraft:used":{"minecraft:stone_axe":2,"minecraft:stone_sword":8,"minecraft:crafting_table":1,"minecraft:stone_pickaxe":13,"minecraft:wooden_pickaxe":10,"spartanshields:shield_basic_stone":1,"easy_hammers:stone_hammer":10},"minecraft:killed":{"minecraft:chicken":3},"minecraft:mined":{"minecraft:grass":2,"minecraft:stone":33},"minecraft:picked_up":{"minecraft:stick":22,"minecraft:feather":3,"minecraft:chicken":3,"minecraft:oak_log":27,"minecraft:cobblestone":110},"minecraft:crafted":{"spartanshields:shield_basic_wood":1,"minecraft:stone_sword":1,"minecraft:oak_planks":24,"easy_hammers:stone_hammer":1,"minecraft:stone_axe":1,"spartanshields:shield_basic_stone":1,"minecraft:crafting_table":1,"minecraft:wooden_pickaxe":1,"minecraft:stone_pickaxe":1},"minecraft:custom":{"minecraft:time_since_rest":9493,"minecraft:crouch_one_cm":4,"minecraft:play_one_minute":9493,"minecraft:sprint_one_cm":4709,"minecraft:damage_taken":120,"minecraft:walk_one_cm":29075,"minecraft:damage_blocked_by_shield":10,"minecraft:sneak_time":8,"minecraft:mob_kills":3,"minecraft:jump":79,"minecraft:damage_dealt":355,"minecraft:leave_game":1,"minecraft:time_since_death":9493,"minecraft:player_kills":1,"minecraft:interact_with_crafting_table":5,"minecraft:fall_one_cm":1045,"minecraft:fly_one_cm":3765}},"DataVersion":2586}